{
  "id": "",
  "name": "",
  "font_family": "iconfont",
  "css_prefix_text": "icon-",
  "description": "",
  "glyphs": [
    {
      "icon_id": "3904077",
      "name": "视频",
      "font_class": "shipin",
      "unicode": "e60b",
      "unicode_decimal": 58891
    },
    {
      "icon_id": "5483235",
      "name": "视频",
      "font_class": "shipin1",
      "unicode": "e6c1",
      "unicode_decimal": 59073
    },
    {
      "icon_id": "5961321",
      "name": "AI",
      "font_class": "wuguan",
      "unicode": "ec5f",
      "unicode_decimal": 60511
    },
    {
      "icon_id": "6509009",
      "name": "LOGO",
      "font_class": "LOGO",
      "unicode": "e631",
      "unicode_decimal": 58929
    },
    {
      "icon_id": "7158886",
      "name": "账号信息",
      "font_class": "zhanghaoxinxi",
      "unicode": "e668",
      "unicode_decimal": 58984
    },
    {
      "icon_id": "7899430",
      "name": "search",
      "font_class": "search",
      "unicode": "e60a",
      "unicode_decimal": 58890
    },
    {
      "icon_id": "8289003",
      "name": "密码",
      "font_class": "mima",
      "unicode": "e86c",
      "unicode_decimal": 59500
    },
    {
      "icon_id": "10104310",
      "name": "login_logo",
      "font_class": "login_logo",
      "unicode": "e61a",
      "unicode_decimal": 58906
    }
  ]
}
